lead_id,customer_comments,product_interest,product_info,lead_description,unified_lead_context
1,"Our procurement team is comparing three vendors for a company-wide rollout across finance, operations, and sales. We need implementation support and long-term partnership potential. Final approval will come from leadership and finance.",Sales dashboard and reporting suite for leadership visibility.,"Enterprise annual plan with advanced integrations, onboarding support, and dedicated account management.",Retail business expanding into multiple locations and looking for stronger reporting visibility.,"Customer Comments:
Our procurement team is comparing three vendors for a company-wide rollout across finance, operations, and sales. We need implementation support and long-term partnership potential. Final approval will come from leadership and finance.

Product Interest:
Sales dashboard and reporting suite for leadership visibility.

Product Info:
Enterprise annual plan with advanced integrations, onboarding support, and dedicated account management.

Lead Description:
Retail business expanding into multiple locations and looking for stronger reporting visibility."
2,We are reviewing CRM vendors because our current system is outdated and reporting is slow. Leadership wants better visibility before the next planning cycle. Pricing and implementation speed are important because we may need a decision within two weeks.,"Customer support platform with ticketing, reporting, and automation.","Mid-market package with workflow automation, reporting features, and cloud deployment.",Retail business expanding into multiple locations and looking for stronger reporting visibility.,"Customer Comments:
We are reviewing CRM vendors because our current system is outdated and reporting is slow. Leadership wants better visibility before the next planning cycle. Pricing and implementation speed are important because we may need a decision within two weeks.

Product Interest:
Customer support platform with ticketing, reporting, and automation.

Product Info:
Mid-market package with workflow automation, reporting features, and cloud deployment.

Lead Description:
Retail business expanding into multiple locations and looking for stronger reporting visibility."
3,"Our CEO requested an urgent evaluation of enterprise solutions that can integrate with our ERP and finance systems. We need API access, workflow automation, and compliance reporting. Final vendor selection should happen this month.","Customer support platform with ticketing, reporting, and automation.","Enterprise annual plan with advanced integrations, onboarding support, and dedicated account management.",Mid-size finance company with 200 employees replacing legacy systems and evaluating long-term technology partners.,"Customer Comments:
Our CEO requested an urgent evaluation of enterprise solutions that can integrate with our ERP and finance systems. We need API access, workflow automation, and compliance reporting. Final vendor selection should happen this month.

Product Interest:
Customer support platform with ticketing, reporting, and automation.

Product Info:
Enterprise annual plan with advanced integrations, onboarding support, and dedicated account management.

Lead Description:
Mid-size finance company with 200 employees replacing legacy systems and evaluating long-term technology partners."
4,We are reviewing CRM vendors because our current system is outdated and reporting is slow. Leadership wants better visibility before the next planning cycle. Pricing and implementation speed are important because we may need a decision within two weeks.,Sales dashboard and reporting suite for leadership visibility.,Starter package for smaller businesses focused on dashboards and process improvements.,Large healthcare enterprise across multiple countries with centralized procurement and compliance requirements.,"Customer Comments:
We are reviewing CRM vendors because our current system is outdated and reporting is slow. Leadership wants better visibility before the next planning cycle. Pricing and implementation speed are important because we may need a decision within two weeks.

Product Interest:
Sales dashboard and reporting suite for leadership visibility.

Product Info:
Starter package for smaller businesses focused on dashboards and process improvements.

Lead Description:
Large healthcare enterprise across multiple countries with centralized procurement and compliance requirements."
5,We are reviewing CRM vendors because our current system is outdated and reporting is slow. Leadership wants better visibility before the next planning cycle. Pricing and implementation speed are important because we may need a decision within two weeks.,"Customer support platform with ticketing, reporting, and automation.",Starter package for smaller businesses focused on dashboards and process improvements.,Large healthcare enterprise across multiple countries with centralized procurement and compliance requirements.,"Customer Comments:
We are reviewing CRM vendors because our current system is outdated and reporting is slow. Leadership wants better visibility before the next planning cycle. Pricing and implementation speed are important because we may need a decision within two weeks.

Product Interest:
Customer support platform with ticketing, reporting, and automation.

Product Info:
Starter package for smaller businesses focused on dashboards and process improvements.

Lead Description:
Large healthcare enterprise across multiple countries with centralized procurement and compliance requirements."
6,We are reviewing CRM vendors because our current system is outdated and reporting is slow. Leadership wants better visibility before the next planning cycle. Pricing and implementation speed are important because we may need a decision within two weeks.,Mid-market operations automation platform with reporting tools.,Annual contract preferred with migration assistance and leadership reporting features included.,Retail business expanding into multiple locations and looking for stronger reporting visibility.,"Customer Comments:
We are reviewing CRM vendors because our current system is outdated and reporting is slow. Leadership wants better visibility before the next planning cycle. Pricing and implementation speed are important because we may need a decision within two weeks.

Product Interest:
Mid-market operations automation platform with reporting tools.

Product Info:
Annual contract preferred with migration assistance and leadership reporting features included.

Lead Description:
Retail business expanding into multiple locations and looking for stronger reporting visibility."
7,"Our procurement team is comparing three vendors for a company-wide rollout across finance, operations, and sales. We need implementation support and long-term partnership potential. Final approval will come from leadership and finance.",Sales dashboard and reporting suite for leadership visibility.,"Mid-market package with workflow automation, reporting features, and cloud deployment.",Manufacturing company modernizing internal systems with procurement comparing vendors for enterprise rollout.,"Customer Comments:
Our procurement team is comparing three vendors for a company-wide rollout across finance, operations, and sales. We need implementation support and long-term partnership potential. Final approval will come from leadership and finance.

Product Interest:
Sales dashboard and reporting suite for leadership visibility.

Product Info:
Mid-market package with workflow automation, reporting features, and cloud deployment.

Lead Description:
Manufacturing company modernizing internal systems with procurement comparing vendors for enterprise rollout."
8,"Our procurement team is comparing three vendors for a company-wide rollout across finance, operations, and sales. We need implementation support and long-term partnership potential. Final approval will come from leadership and finance.",Mid-market operations automation platform with reporting tools.,Custom implementation required due to legacy systems and compliance requirements.,Mid-size finance company with 200 employees replacing legacy systems and evaluating long-term technology partners.,"Customer Comments:
Our procurement team is comparing three vendors for a company-wide rollout across finance, operations, and sales. We need implementation support and long-term partnership potential. Final approval will come from leadership and finance.

Product Interest:
Mid-market operations automation platform with reporting tools.

Product Info:
Custom implementation required due to legacy systems and compliance requirements.

Lead Description:
Mid-size finance company with 200 employees replacing legacy systems and evaluating long-term technology partners."
9,"Our procurement team is comparing three vendors for a company-wide rollout across finance, operations, and sales. We need implementation support and long-term partnership potential. Final approval will come from leadership and finance.",Sales dashboard and reporting suite for leadership visibility.,"Mid-market package with workflow automation, reporting features, and cloud deployment.",Mid-size finance company with 200 employees replacing legacy systems and evaluating long-term technology partners.,"Customer Comments:
Our procurement team is comparing three vendors for a company-wide rollout across finance, operations, and sales. We need implementation support and long-term partnership potential. Final approval will come from leadership and finance.

Product Interest:
Sales dashboard and reporting suite for leadership visibility.

Product Info:
Mid-market package with workflow automation, reporting features, and cloud deployment.

Lead Description:
Mid-size finance company with 200 employees replacing legacy systems and evaluating long-term technology partners."
10,We are reviewing CRM vendors because our current system is outdated and reporting is slow. Leadership wants better visibility before the next planning cycle. Pricing and implementation speed are important because we may need a decision within two weeks.,Enterprise API integration package with ERP connectivity and compliance reporting.,Annual contract preferred with migration assistance and leadership reporting features included.,Startup with 10 employees exploring affordable software options while validating future growth plans.,"Customer Comments:
We are reviewing CRM vendors because our current system is outdated and reporting is slow. Leadership wants better visibility before the next planning cycle. Pricing and implementation speed are important because we may need a decision within two weeks.

Product Interest:
Enterprise API integration package with ERP connectivity and compliance reporting.

Product Info:
Annual contract preferred with migration assistance and leadership reporting features included.

Lead Description:
Startup with 10 employees exploring affordable software options while validating future growth plans."
11,We are still researching available options for analytics and customer support platforms. There is no immediate timeline yet because internal approvals are pending. We mainly want to understand pricing and available vendors.,Sales dashboard and reporting suite for leadership visibility.,Annual contract preferred with migration assistance and leadership reporting features included.,Retail business expanding into multiple locations and looking for stronger reporting visibility.,"Customer Comments:
We are still researching available options for analytics and customer support platforms. There is no immediate timeline yet because internal approvals are pending. We mainly want to understand pricing and available vendors.

Product Interest:
Sales dashboard and reporting suite for leadership visibility.

Product Info:
Annual contract preferred with migration assistance and leadership reporting features included.

Lead Description:
Retail business expanding into multiple locations and looking for stronger reporting visibility."
12,We are reviewing CRM vendors because our current system is outdated and reporting is slow. Leadership wants better visibility before the next planning cycle. Pricing and implementation speed are important because we may need a decision within two weeks.,Mid-market operations automation platform with reporting tools.,Custom implementation required due to legacy systems and compliance requirements.,Mid-size finance company with 200 employees replacing legacy systems and evaluating long-term technology partners.,"Customer Comments:
We are reviewing CRM vendors because our current system is outdated and reporting is slow. Leadership wants better visibility before the next planning cycle. Pricing and implementation speed are important because we may need a decision within two weeks.

Product Interest:
Mid-market operations automation platform with reporting tools.

Product Info:
Custom implementation required due to legacy systems and compliance requirements.

Lead Description:
Mid-size finance company with 200 employees replacing legacy systems and evaluating long-term technology partners."
13,"Budget is a major concern since we are a smaller company. We still need dashboards and workflow automation, but enterprise pricing may be difficult for us. We are comparing affordable vendors before moving forward.",Sales dashboard and reporting suite for leadership visibility.,"Enterprise annual plan with advanced integrations, onboarding support, and dedicated account management.",Manufacturing company modernizing internal systems with procurement comparing vendors for enterprise rollout.,"Customer Comments:
Budget is a major concern since we are a smaller company. We still need dashboards and workflow automation, but enterprise pricing may be difficult for us. We are comparing affordable vendors before moving forward.

Product Interest:
Sales dashboard and reporting suite for leadership visibility.

Product Info:
Enterprise annual plan with advanced integrations, onboarding support, and dedicated account management.

Lead Description:
Manufacturing company modernizing internal systems with procurement comparing vendors for enterprise rollout."
14,We are reviewing CRM vendors because our current system is outdated and reporting is slow. Leadership wants better visibility before the next planning cycle. Pricing and implementation speed are important because we may need a decision within two weeks.,Sales dashboard and reporting suite for leadership visibility.,"Mid-market package with workflow automation, reporting features, and cloud deployment.",Startup with 10 employees exploring affordable software options while validating future growth plans.,"Customer Comments:
We are reviewing CRM vendors because our current system is outdated and reporting is slow. Leadership wants better visibility before the next planning cycle. Pricing and implementation speed are important because we may need a decision within two weeks.

Product Interest:
Sales dashboard and reporting suite for leadership visibility.

Product Info:
Mid-market package with workflow automation, reporting features, and cloud deployment.

Lead Description:
Startup with 10 employees exploring affordable software options while validating future growth plans."
15,"Budget is a major concern since we are a smaller company. We still need dashboards and workflow automation, but enterprise pricing may be difficult for us. We are comparing affordable vendors before moving forward.","CRM platform with analytics dashboards, workflow automation, and enterprise reporting.","Mid-market package with workflow automation, reporting features, and cloud deployment.",Manufacturing company modernizing internal systems with procurement comparing vendors for enterprise rollout.,"Customer Comments:
Budget is a major concern since we are a smaller company. We still need dashboards and workflow automation, but enterprise pricing may be difficult for us. We are comparing affordable vendors before moving forward.

Product Interest:
CRM platform with analytics dashboards, workflow automation, and enterprise reporting.

Product Info:
Mid-market package with workflow automation, reporting features, and cloud deployment.

Lead Description:
Manufacturing company modernizing internal systems with procurement comparing vendors for enterprise rollout."
16,We are reviewing CRM vendors because our current system is outdated and reporting is slow. Leadership wants better visibility before the next planning cycle. Pricing and implementation speed are important because we may need a decision within two weeks.,Mid-market operations automation platform with reporting tools.,"Enterprise annual plan with advanced integrations, onboarding support, and dedicated account management.",Mid-size finance company with 200 employees replacing legacy systems and evaluating long-term technology partners.,"Customer Comments:
We are reviewing CRM vendors because our current system is outdated and reporting is slow. Leadership wants better visibility before the next planning cycle. Pricing and implementation speed are important because we may need a decision within two weeks.

Product Interest:
Mid-market operations automation platform with reporting tools.

Product Info:
Enterprise annual plan with advanced integrations, onboarding support, and dedicated account management.

Lead Description:
Mid-size finance company with 200 employees replacing legacy systems and evaluating long-term technology partners."
17,We are reviewing CRM vendors because our current system is outdated and reporting is slow. Leadership wants better visibility before the next planning cycle. Pricing and implementation speed are important because we may need a decision within two weeks.,"CRM platform with analytics dashboards, workflow automation, and enterprise reporting.","Mid-market package with workflow automation, reporting features, and cloud deployment.",Retail business expanding into multiple locations and looking for stronger reporting visibility.,"Customer Comments:
We are reviewing CRM vendors because our current system is outdated and reporting is slow. Leadership wants better visibility before the next planning cycle. Pricing and implementation speed are important because we may need a decision within two weeks.

Product Interest:
CRM platform with analytics dashboards, workflow automation, and enterprise reporting.

Product Info:
Mid-market package with workflow automation, reporting features, and cloud deployment.

Lead Description:
Retail business expanding into multiple locations and looking for stronger reporting visibility."
18,We are reviewing CRM vendors because our current system is outdated and reporting is slow. Leadership wants better visibility before the next planning cycle. Pricing and implementation speed are important because we may need a decision within two weeks.,Mid-market operations automation platform with reporting tools.,Annual contract preferred with migration assistance and leadership reporting features included.,Manufacturing company modernizing internal systems with procurement comparing vendors for enterprise rollout.,"Customer Comments:
We are reviewing CRM vendors because our current system is outdated and reporting is slow. Leadership wants better visibility before the next planning cycle. Pricing and implementation speed are important because we may need a decision within two weeks.

Product Interest:
Mid-market operations automation platform with reporting tools.

Product Info:
Annual contract preferred with migration assistance and leadership reporting features included.

Lead Description:
Manufacturing company modernizing internal systems with procurement comparing vendors for enterprise rollout."
19,We are reviewing CRM vendors because our current system is outdated and reporting is slow. Leadership wants better visibility before the next planning cycle. Pricing and implementation speed are important because we may need a decision within two weeks.,Mid-market operations automation platform with reporting tools.,Annual contract preferred with migration assistance and leadership reporting features included.,Mid-size finance company with 200 employees replacing legacy systems and evaluating long-term technology partners.,"Customer Comments:
We are reviewing CRM vendors because our current system is outdated and reporting is slow. Leadership wants better visibility before the next planning cycle. Pricing and implementation speed are important because we may need a decision within two weeks.

Product Interest:
Mid-market operations automation platform with reporting tools.

Product Info:
Annual contract preferred with migration assistance and leadership reporting features included.

Lead Description:
Mid-size finance company with 200 employees replacing legacy systems and evaluating long-term technology partners."
20,We are reviewing CRM vendors because our current system is outdated and reporting is slow. Leadership wants better visibility before the next planning cycle. Pricing and implementation speed are important because we may need a decision within two weeks.,"Customer support platform with ticketing, reporting, and automation.",Annual contract preferred with migration assistance and leadership reporting features included.,Startup with 10 employees exploring affordable software options while validating future growth plans.,"Customer Comments:
We are reviewing CRM vendors because our current system is outdated and reporting is slow. Leadership wants better visibility before the next planning cycle. Pricing and implementation speed are important because we may need a decision within two weeks.

Product Interest:
Customer support platform with ticketing, reporting, and automation.

Product Info:
Annual contract preferred with migration assistance and leadership reporting features included.

Lead Description:
Startup with 10 employees exploring affordable software options while validating future growth plans."
